{
  "$schema": "https://raw.githubusercontent.com/spdx/spdx-spec/v2.2.1/schemas/spdx-schema.json",
  "spdxVersion": "SPDX-2.2",
  "dataLicense": "CC0-1.0",
  "SPDXID": "SPDXRef-DOCUMENT",
  "documentNamespace": "https://spdx.org/spdxdocs/bzip2-x64-windows-1.0.8#6-b3695fb7-85b4-44f2-a1ad-88c5bcdf40ff",
  "name": "bzip2:x64-windows@1.0.8#6 4e1c23f9624346546a764716e50ef93625661b6712c6782579b49dcb5e71ab54",
  "creationInfo": {
    "creators": [
      "Tool: vcpkg-2025-07-21-d4b65a2b83ae6c3526acd1c6f3b51aff2a884533"
    ],
    "created": "2026-02-26T23:18:15Z"
  },
  "relationships": [
    {
      "spdxElementId": "SPDXRef-port",
      "relationshipType": "GENERATES",
      "relatedSpdxElement": "SPDXRef-binary"
    },
    {
      "spdxElementId": "SPDXRef-port",
      "relationshipType": "CONTAINS",
      "relatedSpdxElement": "SPDXRef-file-0"
    },
    {
      "spdxElementId": "SPDXRef-port",
      "relationshipType": "CONTAINS",
      "relatedSpdxElement": "SPDXRef-file-1"
    },
    {
      "spdxElementId": "SPDXRef-port",
      "relationshipType": "CONTAINS",
      "relatedSpdxElement": "SPDXRef-file-2"
    },
    {
      "spdxElementId": "SPDXRef-port",
      "relationshipType": "CONTAINS",
      "relatedSpdxElement": "SPDXRef-file-3"
    },
    {
      "spdxElementId": "SPDXRef-port",
      "relationshipType": "CONTAINS",
      "relatedSpdxElement": "SPDXRef-file-4"
    },
    {
      "spdxElementId": "SPDXRef-port",
      "relationshipType": "CONTAINS",
      "relatedSpdxElement": "SPDXRef-file-5"
    },
    {
      "spdxElementId": "SPDXRef-binary",
      "relationshipType": "GENERATED_FROM",
      "relatedSpdxElement": "SPDXRef-port"
    },
    {
      "spdxElementId": "SPDXRef-file-0",
      "relationshipType": "CONTAINED_BY",
      "relatedSpdxElement": "SPDXRef-port"
    },
    {
      "spdxElementId": "SPDXRef-file-1",
      "relationshipType": "CONTAINED_BY",
      "relatedSpdxElement": "SPDXRef-port"
    },
    {
      "spdxElementId": "SPDXRef-file-2",
      "relationshipType": "CONTAINED_BY",
      "relatedSpdxElement": "SPDXRef-port"
    },
    {
      "spdxElementId": "SPDXRef-file-3",
      "relationshipType": "CONTAINED_BY",
      "relatedSpdxElement": "SPDXRef-port"
    },
    {
      "spdxElementId": "SPDXRef-file-4",
      "relationshipType": "CONTAINED_BY",
      "relatedSpdxElement": "SPDXRef-port"
    },
    {
      "spdxElementId": "SPDXRef-file-5",
      "relationshipType": "CONTAINED_BY",
      "relatedSpdxElement": "SPDXRef-port"
    },
    {
      "spdxElementId": "SPDXRef-file-5",
      "relationshipType": "DEPENDENCY_MANIFEST_OF",
      "relatedSpdxElement": "SPDXRef-port"
    }
  ],
  "packages": [
    {
      "name": "bzip2",
      "SPDXID": "SPDXRef-port",
      "versionInfo": "1.0.8#6",
      "downloadLocation": "git+https://github.com/Microsoft/vcpkg@2d029da682847c5ebdc54e4dbea001331a02207e",
      "homepage": "https://sourceware.org/bzip2/",
      "licenseConcluded": "bzip2-1.0.6",
      "licenseDeclared": "NOASSERTION",
      "copyrightText": "NOASSERTION",
      "description": "bzip2 is a freely available, patent free, high-quality data compressor. It typically compresses files to within 10% to 15% of the best available techniques (the PPM family of statistical compressors), whilst being around twice as fast at compression and six times faster at decompression.",
      "comment": "This is the port (recipe) consumed by vcpkg."
    },
    {
      "name": "bzip2:x64-windows",
      "SPDXID": "SPDXRef-binary",
      "versionInfo": "4e1c23f9624346546a764716e50ef93625661b6712c6782579b49dcb5e71ab54",
      "downloadLocation": "NONE",
      "licenseConcluded": "bzip2-1.0.6",
      "licenseDeclared": "NOASSERTION",
      "copyrightText": "NOASSERTION",
      "comment": "This is a binary package built by vcpkg."
    },
    {
      "SPDXID": "SPDXRef-resource-0",
      "name": "bzip2-1.0.8.tar.gz",
      "packageFileName": "bzip2-1.0.8.tar.gz",
      "downloadLocation": "https://sourceware.org/pub/bzip2/bzip2-1.0.8.tar.gz",
      "licenseConcluded": "NOASSERTION",
      "licenseDeclared": "NOASSERTION",
      "copyrightText": "NOASSERTION",
      "checksums": [
        {
          "algorithm": "SHA512",
          "checksumValue": "083f5e675d73f3233c7930ebe20425a533feedeaaa9d8cc86831312a6581cefbe6ed0d08d2fa89be81082f2a5abdabca8b3c080bf97218a1bd59dc118a30b9f3"
        }
      ]
    }
  ],
  "files": [
    {
      "fileName": "./bzip2.pc.in",
      "SPDXID": "SPDXRef-file-0",
      "checksums": [
        {
          "algorithm": "SHA256",
          "checksumValue": "bba1241c5dd9e86e9dc81915816edc32bd32bcef148715372b82ed62838ea740"
        }
      ],
      "licenseConcluded": "NOASSERTION",
      "copyrightText": "NOASSERTION"
    },
    {
      "fileName": "./CMakeLists.txt",
      "SPDXID": "SPDXRef-file-1",
      "checksums": [
        {
          "algorithm": "SHA256",
          "checksumValue": "23070639ab0347317bd4fd86a62f3f18ed48208e8fe23a3b45225dc2deb5d873"
        }
      ],
      "licenseConcluded": "NOASSERTION",
      "copyrightText": "NOASSERTION"
    },
    {
      "fileName": "./fix-import-export-macros.patch",
      "SPDXID": "SPDXRef-file-2",
      "checksums": [
        {
          "algorithm": "SHA256",
          "checksumValue": "38918c1257c884cc5cde39d9f4235d0e71574f20c7e5ec686a506612f647495e"
        }
      ],
      "licenseConcluded": "NOASSERTION",
      "copyrightText": "NOASSERTION"
    },
    {
      "fileName": "./portfile.cmake",
      "SPDXID": "SPDXRef-file-3",
      "checksums": [
        {
          "algorithm": "SHA256",
          "checksumValue": "f9214fef97e792ca76f2cf97343edb1b83d6457e7320ae36b06306d0f038b439"
        }
      ],
      "licenseConcluded": "NOASSERTION",
      "copyrightText": "NOASSERTION"
    },
    {
      "fileName": "./usage",
      "SPDXID": "SPDXRef-file-4",
      "checksums": [
        {
          "algorithm": "SHA256",
          "checksumValue": "75d339011fc11a43ee5093142ca1e8cb5e54db2ac93822abc5de694cda5a9881"
        }
      ],
      "licenseConcluded": "NOASSERTION",
      "copyrightText": "NOASSERTION"
    },
    {
      "fileName": "./vcpkg.json",
      "SPDXID": "SPDXRef-file-5",
      "checksums": [
        {
          "algorithm": "SHA256",
          "checksumValue": "35206824e39f99a709f69465e685a93bca265aa9c83c812d1fa18f3b536a75d9"
        }
      ],
      "licenseConcluded": "NOASSERTION",
      "copyrightText": "NOASSERTION"
    }
  ]
}
