{
  "$schema": "https://raw.githubusercontent.com/spdx/spdx-spec/v2.2.1/schemas/spdx-schema.json",
  "spdxVersion": "SPDX-2.2",
  "dataLicense": "CC0-1.0",
  "SPDXID": "SPDXRef-DOCUMENT",
  "documentNamespace": "https://spdx.org/spdxdocs/pkgconf-arm64-windows-2.5.1-4af78c87---8823-bd7c6836abb9",
  "name": "pkgconf:arm64-windows@2.5.1 9228b4c0ea72de0fd6f9fc5cc45b820caa47664e92e068520bbef0fedffb1ce1",
  "creationInfo": {
    "creators": [
      "Tool: vcpkg-2025-07-21-d4b65a2b83ae6c3526acd1c6f3b51aff2a884533"
    ],
    "created": "2026-02-27T06:13:14Z"
  },
  "relationships": [
    {
      "spdxElementId": "SPDXRef-port",
      "relationshipType": "GENERATES",
      "relatedSpdxElement": "SPDXRef-binary"
    },
    {
      "spdxElementId": "SPDXRef-port",
      "relationshipType": "CONTAINS",
      "relatedSpdxElement": "SPDXRef-file-0"
    },
    {
      "spdxElementId": "SPDXRef-port",
      "relationshipType": "CONTAINS",
      "relatedSpdxElement": "SPDXRef-file-1"
    },
    {
      "spdxElementId": "SPDXRef-binary",
      "relationshipType": "GENERATED_FROM",
      "relatedSpdxElement": "SPDXRef-port"
    },
    {
      "spdxElementId": "SPDXRef-file-0",
      "relationshipType": "CONTAINED_BY",
      "relatedSpdxElement": "SPDXRef-port"
    },
    {
      "spdxElementId": "SPDXRef-file-1",
      "relationshipType": "CONTAINED_BY",
      "relatedSpdxElement": "SPDXRef-port"
    },
    {
      "spdxElementId": "SPDXRef-file-1",
      "relationshipType": "DEPENDENCY_MANIFEST_OF",
      "relatedSpdxElement": "SPDXRef-port"
    }
  ],
  "packages": [
    {
      "name": "pkgconf",
      "SPDXID": "SPDXRef-port",
      "versionInfo": "2.5.1",
      "downloadLocation": "git+https://github.com/Microsoft/vcpkg@39d1d31a02b57fa9e187f182ec32639984cc59cb",
      "homepage": "https://github.com/pkgconf/pkgconf",
      "licenseConcluded": "LicenseRef-vcpkg-null",
      "licenseDeclared": "NOASSERTION",
      "copyrightText": "NOASSERTION",
      "description": "pkgconf is a program which helps to configure compiler and linker flags for development libraries. It is similar to pkg-config from freedesktop.org.",
      "comment": "This is the port (recipe) consumed by vcpkg."
    },
    {
      "name": "pkgconf:arm64-windows",
      "SPDXID": "SPDXRef-binary",
      "versionInfo": "9228b4c0ea72de0fd6f9fc5cc45b820caa47664e92e068520bbef0fedffb1ce1",
      "downloadLocation": "NONE",
      "licenseConcluded": "LicenseRef-vcpkg-null",
      "licenseDeclared": "NOASSERTION",
      "copyrightText": "NOASSERTION",
      "comment": "This is a binary package built by vcpkg."
    },
    {
      "SPDXID": "SPDXRef-resource-0",
      "name": "pkgconf/pkgconf",
      "downloadLocation": "git+https://github.com/pkgconf/pkgconf@pkgconf-2.5.1",
      "licenseConcluded": "NOASSERTION",
      "licenseDeclared": "NOASSERTION",
      "copyrightText": "NOASSERTION",
      "checksums": [
        {
          "algorithm": "SHA512",
          "checksumValue": "53244f372ea21125a1d97c5b89a84299740b55a66165782e807ed23adab3a07408a1547f1f40156e3060359660d07f49846c8b4893beef10ac9440ab7e8611cc"
        }
      ]
    }
  ],
  "files": [
    {
      "fileName": "./portfile.cmake",
      "SPDXID": "SPDXRef-file-0",
      "checksums": [
        {
          "algorithm": "SHA256",
          "checksumValue": "8f4e8f579a13b9076bff92fecbdeccdf087591639b96c9e0c3cf0b0a89626fdd"
        }
      ],
      "licenseConcluded": "NOASSERTION",
      "copyrightText": "NOASSERTION"
    },
    {
      "fileName": "./vcpkg.json",
      "SPDXID": "SPDXRef-file-1",
      "checksums": [
        {
          "algorithm": "SHA256",
          "checksumValue": "d61a848a83209f23d9c4cd0457742ca89f36a91f6dbd00977614596ce42963cd"
        }
      ],
      "licenseConcluded": "NOASSERTION",
      "copyrightText": "NOASSERTION"
    }
  ]
}
