{
  "$schema": "https://raw.githubusercontent.com/spdx/spdx-spec/v2.2.1/schemas/spdx-schema.json",
  "spdxVersion": "SPDX-2.2",
  "dataLicense": "CC0-1.0",
  "SPDXID": "SPDXRef-DOCUMENT",
  "documentNamespace": "https://spdx.org/spdxdocs/qtsvg-x64-windows-6.8.3-b87898da-020f-4f4c-9710-98179a491d1b",
  "name": "qtsvg:x64-windows@6.8.3 266196f6af1a0d31c76aaff8ab46d93ed329b0dcf016679c925c4e51bf584c1d",
  "creationInfo": {
    "creators": [
      "Tool: vcpkg-2025-07-21-d4b65a2b83ae6c3526acd1c6f3b51aff2a884533"
    ],
    "created": "2026-02-27T00:03:06Z"
  },
  "relationships": [
    {
      "spdxElementId": "SPDXRef-port",
      "relationshipType": "GENERATES",
      "relatedSpdxElement": "SPDXRef-binary"
    },
    {
      "spdxElementId": "SPDXRef-port",
      "relationshipType": "CONTAINS",
      "relatedSpdxElement": "SPDXRef-file-0"
    },
    {
      "spdxElementId": "SPDXRef-port",
      "relationshipType": "CONTAINS",
      "relatedSpdxElement": "SPDXRef-file-1"
    },
    {
      "spdxElementId": "SPDXRef-binary",
      "relationshipType": "GENERATED_FROM",
      "relatedSpdxElement": "SPDXRef-port"
    },
    {
      "spdxElementId": "SPDXRef-file-0",
      "relationshipType": "CONTAINED_BY",
      "relatedSpdxElement": "SPDXRef-port"
    },
    {
      "spdxElementId": "SPDXRef-file-1",
      "relationshipType": "CONTAINED_BY",
      "relatedSpdxElement": "SPDXRef-port"
    },
    {
      "spdxElementId": "SPDXRef-file-1",
      "relationshipType": "DEPENDENCY_MANIFEST_OF",
      "relatedSpdxElement": "SPDXRef-port"
    }
  ],
  "packages": [
    {
      "name": "qtsvg",
      "SPDXID": "SPDXRef-port",
      "versionInfo": "6.8.3",
      "downloadLocation": "git+https://github.com/Microsoft/vcpkg@a7b6f1e2abe628e0e9ec485477d9e015b2ebd6ac",
      "homepage": "https://www.qt.io/",
      "licenseConcluded": "LicenseRef-vcpkg-null",
      "licenseDeclared": "NOASSERTION",
      "copyrightText": "NOASSERTION",
      "description": "Qt SVG provides classes for rendering and displaying SVG drawings in widgets and on other paint devices.",
      "comment": "This is the port (recipe) consumed by vcpkg."
    },
    {
      "name": "qtsvg:x64-windows",
      "SPDXID": "SPDXRef-binary",
      "versionInfo": "266196f6af1a0d31c76aaff8ab46d93ed329b0dcf016679c925c4e51bf584c1d",
      "downloadLocation": "NONE",
      "licenseConcluded": "LicenseRef-vcpkg-null",
      "licenseDeclared": "NOASSERTION",
      "copyrightText": "NOASSERTION",
      "comment": "This is a binary package built by vcpkg."
    }
  ],
  "files": [
    {
      "fileName": "./portfile.cmake",
      "SPDXID": "SPDXRef-file-0",
      "checksums": [
        {
          "algorithm": "SHA256",
          "checksumValue": "ab7b743e34dd339bff372248a26277562bbae1d54a78e611df5c4fc7b916d222"
        }
      ],
      "licenseConcluded": "NOASSERTION",
      "copyrightText": "NOASSERTION"
    },
    {
      "fileName": "./vcpkg.json",
      "SPDXID": "SPDXRef-file-1",
      "checksums": [
        {
          "algorithm": "SHA256",
          "checksumValue": "766b30f82e5cfcf2f14d763ff04af84855301855b23eab2022a2638f90b0c399"
        }
      ],
      "licenseConcluded": "NOASSERTION",
      "copyrightText": "NOASSERTION"
    }
  ]
}
