{
  "$schema": "https://raw.githubusercontent.com/spdx/spdx-spec/v2.2.1/schemas/spdx-schema.json",
  "spdxVersion": "SPDX-2.2",
  "dataLicense": "CC0-1.0",
  "SPDXID": "SPDXRef-DOCUMENT",
  "documentNamespace": "https://spdx.org/spdxdocs/pcre2-x64-windows-10.45-3a97a487-771a-463a-8afd-1f1b03d8fea8",
  "name": "pcre2:x64-windows@10.45 130866734687817e5dcd1c8042a619ec405357c8607011d198fa3649cd0bd69a",
  "creationInfo": {
    "creators": [
      "Tool: vcpkg-2025-07-21-d4b65a2b83ae6c3526acd1c6f3b51aff2a884533"
    ],
    "created": "2026-02-26T23:10:42Z"
  },
  "relationships": [
    {
      "spdxElementId": "SPDXRef-port",
      "relationshipType": "GENERATES",
      "relatedSpdxElement": "SPDXRef-binary"
    },
    {
      "spdxElementId": "SPDXRef-port",
      "relationshipType": "CONTAINS",
      "relatedSpdxElement": "SPDXRef-file-0"
    },
    {
      "spdxElementId": "SPDXRef-port",
      "relationshipType": "CONTAINS",
      "relatedSpdxElement": "SPDXRef-file-1"
    },
    {
      "spdxElementId": "SPDXRef-port",
      "relationshipType": "CONTAINS",
      "relatedSpdxElement": "SPDXRef-file-2"
    },
    {
      "spdxElementId": "SPDXRef-port",
      "relationshipType": "CONTAINS",
      "relatedSpdxElement": "SPDXRef-file-3"
    },
    {
      "spdxElementId": "SPDXRef-port",
      "relationshipType": "CONTAINS",
      "relatedSpdxElement": "SPDXRef-file-4"
    },
    {
      "spdxElementId": "SPDXRef-port",
      "relationshipType": "CONTAINS",
      "relatedSpdxElement": "SPDXRef-file-5"
    },
    {
      "spdxElementId": "SPDXRef-binary",
      "relationshipType": "GENERATED_FROM",
      "relatedSpdxElement": "SPDXRef-port"
    },
    {
      "spdxElementId": "SPDXRef-file-0",
      "relationshipType": "CONTAINED_BY",
      "relatedSpdxElement": "SPDXRef-port"
    },
    {
      "spdxElementId": "SPDXRef-file-1",
      "relationshipType": "CONTAINED_BY",
      "relatedSpdxElement": "SPDXRef-port"
    },
    {
      "spdxElementId": "SPDXRef-file-2",
      "relationshipType": "CONTAINED_BY",
      "relatedSpdxElement": "SPDXRef-port"
    },
    {
      "spdxElementId": "SPDXRef-file-3",
      "relationshipType": "CONTAINED_BY",
      "relatedSpdxElement": "SPDXRef-port"
    },
    {
      "spdxElementId": "SPDXRef-file-4",
      "relationshipType": "CONTAINED_BY",
      "relatedSpdxElement": "SPDXRef-port"
    },
    {
      "spdxElementId": "SPDXRef-file-5",
      "relationshipType": "CONTAINED_BY",
      "relatedSpdxElement": "SPDXRef-port"
    },
    {
      "spdxElementId": "SPDXRef-file-5",
      "relationshipType": "DEPENDENCY_MANIFEST_OF",
      "relatedSpdxElement": "SPDXRef-port"
    }
  ],
  "packages": [
    {
      "name": "pcre2",
      "SPDXID": "SPDXRef-port",
      "versionInfo": "10.45",
      "downloadLocation": "git+https://github.com/Microsoft/vcpkg@c3bbfe8c53a8712c9a988361cfb476af65fc0bee",
      "homepage": "https://github.com/PCRE2Project/pcre2",
      "licenseConcluded": "BSD-3-Clause",
      "licenseDeclared": "NOASSERTION",
      "copyrightText": "NOASSERTION",
      "description": "Regular Expression pattern matching using the same syntax and semantics as Perl 5.",
      "comment": "This is the port (recipe) consumed by vcpkg."
    },
    {
      "name": "pcre2:x64-windows",
      "SPDXID": "SPDXRef-binary",
      "versionInfo": "130866734687817e5dcd1c8042a619ec405357c8607011d198fa3649cd0bd69a",
      "downloadLocation": "NONE",
      "licenseConcluded": "BSD-3-Clause",
      "licenseDeclared": "NOASSERTION",
      "copyrightText": "NOASSERTION",
      "comment": "This is a binary package built by vcpkg."
    },
    {
      "SPDXID": "SPDXRef-resource-0",
      "name": "PCRE2Project/pcre2",
      "downloadLocation": "git+https://github.com/PCRE2Project/pcre2@pcre2-10.45",
      "licenseConcluded": "NOASSERTION",
      "licenseDeclared": "NOASSERTION",
      "copyrightText": "NOASSERTION",
      "checksums": [
        {
          "algorithm": "SHA512",
          "checksumValue": "2c4fd0bcd6c4f606627c17336d583e14d7bd3f5cd5ab0219ded46e7d784a792a8bbd33332fd06772f451041c046e15d1feaa6b48d8f9aa00dcddbc6cdb89be92"
        }
      ]
    },
    {
      "SPDXID": "SPDXRef-resource-1",
      "name": "zherczeg/sljit",
      "downloadLocation": "git+https://github.com/zherczeg/sljit@8481dde366d0346ac5475aa03ae48ee44fa74ca4",
      "licenseConcluded": "NOASSERTION",
      "licenseDeclared": "NOASSERTION",
      "copyrightText": "NOASSERTION",
      "checksums": [
        {
          "algorithm": "SHA512",
          "checksumValue": "99a6ab54ee6b9b3b2e241d2f29eb24217c8385bb3b756411116eaed0d91f008401822406710431ccf17ddf687828b8ab6933230e44144bea03f550c0f5ac9210"
        }
      ]
    }
  ],
  "files": [
    {
      "fileName": "./fix-cmake.patch",
      "SPDXID": "SPDXRef-file-0",
      "checksums": [
        {
          "algorithm": "SHA256",
          "checksumValue": "e72a65c8d524d4024f20005804b89b74ccb34333787026c614c3279a4bc9a255"
        }
      ],
      "licenseConcluded": "NOASSERTION",
      "copyrightText": "NOASSERTION"
    },
    {
      "fileName": "./no-static-suffix.patch",
      "SPDXID": "SPDXRef-file-1",
      "checksums": [
        {
          "algorithm": "SHA256",
          "checksumValue": "784c9602f0824bf288995b099cf2ae4944be73e04aee103de58fa1a57121f560"
        }
      ],
      "licenseConcluded": "NOASSERTION",
      "copyrightText": "NOASSERTION"
    },
    {
      "fileName": "./pcre2-10.35_fix-uwp.patch",
      "SPDXID": "SPDXRef-file-2",
      "checksums": [
        {
          "algorithm": "SHA256",
          "checksumValue": "bbc4a527dc5699aad269613a8d627d40430fea219f8ceac0d5816fe603a1e361"
        }
      ],
      "licenseConcluded": "NOASSERTION",
      "copyrightText": "NOASSERTION"
    },
    {
      "fileName": "./portfile.cmake",
      "SPDXID": "SPDXRef-file-3",
      "checksums": [
        {
          "algorithm": "SHA256",
          "checksumValue": "a0ab88719fd43f844a4dc1d4a73357afd2335f655930acb7389016ffa818a860"
        }
      ],
      "licenseConcluded": "NOASSERTION",
      "copyrightText": "NOASSERTION"
    },
    {
      "fileName": "./usage",
      "SPDXID": "SPDXRef-file-4",
      "checksums": [
        {
          "algorithm": "SHA256",
          "checksumValue": "35da1ed15ce962d9ec4421c73b0aaf717128828ddb1b8bee82159ef10e392a2c"
        }
      ],
      "licenseConcluded": "NOASSERTION",
      "copyrightText": "NOASSERTION"
    },
    {
      "fileName": "./vcpkg.json",
      "SPDXID": "SPDXRef-file-5",
      "checksums": [
        {
          "algorithm": "SHA256",
          "checksumValue": "641ea340649d8e20943fb9be2a4de983786da90e4d78027be9350f78a5e2497b"
        }
      ],
      "licenseConcluded": "NOASSERTION",
      "copyrightText": "NOASSERTION"
    }
  ]
}
