{
  "$schema": "https://raw.githubusercontent.com/spdx/spdx-spec/v2.2.1/schemas/spdx-schema.json",
  "spdxVersion": "SPDX-2.2",
  "dataLicense": "CC0-1.0",
  "SPDXID": "SPDXRef-DOCUMENT",
  "documentNamespace": "https://spdx.org/spdxdocs/libpng-arm64-windows-1.6.50-a3e7206e---ba03-f98afaf25e19",
  "name": "libpng:arm64-windows@1.6.50 d971bef022431793a4adadf66ac60637e5178e73fde09fa1d265a050efbd5758",
  "creationInfo": {
    "creators": [
      "Tool: vcpkg-2025-07-21-d4b65a2b83ae6c3526acd1c6f3b51aff2a884533"
    ],
    "created": "2026-02-27T06:48:30Z"
  },
  "relationships": [
    {
      "spdxElementId": "SPDXRef-port",
      "relationshipType": "GENERATES",
      "relatedSpdxElement": "SPDXRef-binary"
    },
    {
      "spdxElementId": "SPDXRef-port",
      "relationshipType": "CONTAINS",
      "relatedSpdxElement": "SPDXRef-file-0"
    },
    {
      "spdxElementId": "SPDXRef-port",
      "relationshipType": "CONTAINS",
      "relatedSpdxElement": "SPDXRef-file-1"
    },
    {
      "spdxElementId": "SPDXRef-port",
      "relationshipType": "CONTAINS",
      "relatedSpdxElement": "SPDXRef-file-2"
    },
    {
      "spdxElementId": "SPDXRef-port",
      "relationshipType": "CONTAINS",
      "relatedSpdxElement": "SPDXRef-file-3"
    },
    {
      "spdxElementId": "SPDXRef-port",
      "relationshipType": "CONTAINS",
      "relatedSpdxElement": "SPDXRef-file-4"
    },
    {
      "spdxElementId": "SPDXRef-port",
      "relationshipType": "CONTAINS",
      "relatedSpdxElement": "SPDXRef-file-5"
    },
    {
      "spdxElementId": "SPDXRef-binary",
      "relationshipType": "GENERATED_FROM",
      "relatedSpdxElement": "SPDXRef-port"
    },
    {
      "spdxElementId": "SPDXRef-file-0",
      "relationshipType": "CONTAINED_BY",
      "relatedSpdxElement": "SPDXRef-port"
    },
    {
      "spdxElementId": "SPDXRef-file-1",
      "relationshipType": "CONTAINED_BY",
      "relatedSpdxElement": "SPDXRef-port"
    },
    {
      "spdxElementId": "SPDXRef-file-2",
      "relationshipType": "CONTAINED_BY",
      "relatedSpdxElement": "SPDXRef-port"
    },
    {
      "spdxElementId": "SPDXRef-file-3",
      "relationshipType": "CONTAINED_BY",
      "relatedSpdxElement": "SPDXRef-port"
    },
    {
      "spdxElementId": "SPDXRef-file-4",
      "relationshipType": "CONTAINED_BY",
      "relatedSpdxElement": "SPDXRef-port"
    },
    {
      "spdxElementId": "SPDXRef-file-5",
      "relationshipType": "CONTAINED_BY",
      "relatedSpdxElement": "SPDXRef-port"
    },
    {
      "spdxElementId": "SPDXRef-file-5",
      "relationshipType": "DEPENDENCY_MANIFEST_OF",
      "relatedSpdxElement": "SPDXRef-port"
    }
  ],
  "packages": [
    {
      "name": "libpng",
      "SPDXID": "SPDXRef-port",
      "versionInfo": "1.6.50",
      "downloadLocation": "git+https://github.com/Microsoft/vcpkg@54b6eefbef1cb0f477c6eb54e2236badd140feea",
      "homepage": "https://github.com/pnggroup/libpng",
      "licenseConcluded": "libpng-2.0",
      "licenseDeclared": "NOASSERTION",
      "copyrightText": "NOASSERTION",
      "description": "libpng is a library implementing an interface for reading and writing PNG (Portable Network Graphics) format files",
      "comment": "This is the port (recipe) consumed by vcpkg."
    },
    {
      "name": "libpng:arm64-windows",
      "SPDXID": "SPDXRef-binary",
      "versionInfo": "d971bef022431793a4adadf66ac60637e5178e73fde09fa1d265a050efbd5758",
      "downloadLocation": "NONE",
      "licenseConcluded": "libpng-2.0",
      "licenseDeclared": "NOASSERTION",
      "copyrightText": "NOASSERTION",
      "comment": "This is a binary package built by vcpkg."
    },
    {
      "SPDXID": "SPDXRef-resource-0",
      "name": "pnggroup/libpng",
      "downloadLocation": "git+https://github.com/pnggroup/libpng@v1.6.50",
      "licenseConcluded": "NOASSERTION",
      "licenseDeclared": "NOASSERTION",
      "copyrightText": "NOASSERTION",
      "checksums": [
        {
          "algorithm": "SHA512",
          "checksumValue": "34c806e0dda960b480ce2f5ea13e2e55a9540f07c51948be25d312b901c431bc814f730f9322a2e3b6f88d4104a0c49bde9e616762b342d07db44e2c7fd5f2dc"
        }
      ]
    },
    {
      "SPDXID": "SPDXRef-resource-1",
      "name": "${LIBPNG_APNG_PATCH_NAME}.gz",
      "packageFileName": "${LIBPNG_APNG_PATCH_NAME}.gz",
      "downloadLocation": "https://downloads.sourceforge.net/project/libpng-apng/libpng16/1.6.50/${LIBPNG_APNG_PATCH_NAME}.gz",
      "licenseConcluded": "NOASSERTION",
      "licenseDeclared": "NOASSERTION",
      "copyrightText": "NOASSERTION",
      "checksums": [
        {
          "algorithm": "SHA512",
          "checksumValue": "f9b3b5ef42a7d3e61b435af69e04174c9ea6319d8fc8b5fd3443a3a9f0a0e9803bc2b0fe6658a91d0a76b06dfd846d29b63edffebeedd1cb26f4d2cf0c87f8b1"
        }
      ]
    }
  ],
  "files": [
    {
      "fileName": "./cmake.patch",
      "SPDXID": "SPDXRef-file-0",
      "checksums": [
        {
          "algorithm": "SHA256",
          "checksumValue": "e1c91b1739580791b8bfe770981cdb07bf65261caf6b2a99da988a8bb21d4094"
        }
      ],
      "licenseConcluded": "NOASSERTION",
      "copyrightText": "NOASSERTION"
    },
    {
      "fileName": "./libpng-config.cmake",
      "SPDXID": "SPDXRef-file-1",
      "checksums": [
        {
          "algorithm": "SHA256",
          "checksumValue": "24086e8ff194402a0f2d68e9f992ca7a6899a194883a9df0054818e42d41c246"
        }
      ],
      "licenseConcluded": "NOASSERTION",
      "copyrightText": "NOASSERTION"
    },
    {
      "fileName": "./portfile.cmake",
      "SPDXID": "SPDXRef-file-2",
      "checksums": [
        {
          "algorithm": "SHA256",
          "checksumValue": "db16d8f03a9ce807f26176cc50b112ff950df419f096b276aea16249b3c30f66"
        }
      ],
      "licenseConcluded": "NOASSERTION",
      "copyrightText": "NOASSERTION"
    },
    {
      "fileName": "./usage",
      "SPDXID": "SPDXRef-file-3",
      "checksums": [
        {
          "algorithm": "SHA256",
          "checksumValue": "6fd48b8b809e924a7d632e656853c67b391b9dcfbb0e27e867254ae0755e363e"
        }
      ],
      "licenseConcluded": "NOASSERTION",
      "copyrightText": "NOASSERTION"
    },
    {
      "fileName": "./vcpkg-cmake-wrapper.cmake",
      "SPDXID": "SPDXRef-file-4",
      "checksums": [
        {
          "algorithm": "SHA256",
          "checksumValue": "4267e69abf185f2228a4cc012e3fe87d5de21a187c75950b5a7615f41c3f6371"
        }
      ],
      "licenseConcluded": "NOASSERTION",
      "copyrightText": "NOASSERTION"
    },
    {
      "fileName": "./vcpkg.json",
      "SPDXID": "SPDXRef-file-5",
      "checksums": [
        {
          "algorithm": "SHA256",
          "checksumValue": "863dd0627adf8a69f7dd99f25ba214bc89eb8683064005fb4324ba178d74ccf3"
        }
      ],
      "licenseConcluded": "NOASSERTION",
      "copyrightText": "NOASSERTION"
    }
  ]
}
