{
  "$schema": "https://raw.githubusercontent.com/spdx/spdx-spec/v2.2.1/schemas/spdx-schema.json",
  "spdxVersion": "SPDX-2.2",
  "dataLicense": "CC0-1.0",
  "SPDXID": "SPDXRef-DOCUMENT",
  "documentNamespace": "https://spdx.org/spdxdocs/opengl-registry-arm64-windows-2024-02-10#1-4268d78a---8666-48ac0dc1229d",
  "name": "opengl-registry:arm64-windows@2024-02-10#1 29e63e3cbd0a07bf859490dc04a05898b1a960a7dd20f3b6ff2f401e99543194",
  "creationInfo": {
    "creators": [
      "Tool: vcpkg-2025-07-21-d4b65a2b83ae6c3526acd1c6f3b51aff2a884533"
    ],
    "created": "2026-02-27T06:49:22Z"
  },
  "relationships": [
    {
      "spdxElementId": "SPDXRef-port",
      "relationshipType": "GENERATES",
      "relatedSpdxElement": "SPDXRef-binary"
    },
    {
      "spdxElementId": "SPDXRef-port",
      "relationshipType": "CONTAINS",
      "relatedSpdxElement": "SPDXRef-file-0"
    },
    {
      "spdxElementId": "SPDXRef-port",
      "relationshipType": "CONTAINS",
      "relatedSpdxElement": "SPDXRef-file-1"
    },
    {
      "spdxElementId": "SPDXRef-port",
      "relationshipType": "CONTAINS",
      "relatedSpdxElement": "SPDXRef-file-2"
    },
    {
      "spdxElementId": "SPDXRef-binary",
      "relationshipType": "GENERATED_FROM",
      "relatedSpdxElement": "SPDXRef-port"
    },
    {
      "spdxElementId": "SPDXRef-file-0",
      "relationshipType": "CONTAINED_BY",
      "relatedSpdxElement": "SPDXRef-port"
    },
    {
      "spdxElementId": "SPDXRef-file-1",
      "relationshipType": "CONTAINED_BY",
      "relatedSpdxElement": "SPDXRef-port"
    },
    {
      "spdxElementId": "SPDXRef-file-2",
      "relationshipType": "CONTAINED_BY",
      "relatedSpdxElement": "SPDXRef-port"
    },
    {
      "spdxElementId": "SPDXRef-file-2",
      "relationshipType": "DEPENDENCY_MANIFEST_OF",
      "relatedSpdxElement": "SPDXRef-port"
    }
  ],
  "packages": [
    {
      "name": "opengl-registry",
      "SPDXID": "SPDXRef-port",
      "versionInfo": "2024-02-10#1",
      "downloadLocation": "git+https://github.com/Microsoft/vcpkg@22f7aa58ee78c9f0db904b6251e9265f2be26f9d",
      "homepage": "https://github.com/KhronosGroup/OpenGL-Registry",
      "licenseConcluded": "NOASSERTION",
      "licenseDeclared": "NOASSERTION",
      "copyrightText": "NOASSERTION",
      "description": "OpenGL, OpenGL ES, and OpenGL ES-SC API and Extension Registry",
      "comment": "This is the port (recipe) consumed by vcpkg."
    },
    {
      "name": "opengl-registry:arm64-windows",
      "SPDXID": "SPDXRef-binary",
      "versionInfo": "29e63e3cbd0a07bf859490dc04a05898b1a960a7dd20f3b6ff2f401e99543194",
      "downloadLocation": "NONE",
      "licenseConcluded": "NOASSERTION",
      "licenseDeclared": "NOASSERTION",
      "copyrightText": "NOASSERTION",
      "comment": "This is a binary package built by vcpkg."
    },
    {
      "SPDXID": "SPDXRef-resource-0",
      "name": "KhronosGroup/OpenGL-Registry",
      "downloadLocation": "git+https://github.com/KhronosGroup/OpenGL-Registry@3530768138c5ba3dfbb2c43c830493f632f7ea33",
      "licenseConcluded": "NOASSERTION",
      "licenseDeclared": "NOASSERTION",
      "copyrightText": "NOASSERTION",
      "checksums": [
        {
          "algorithm": "SHA512",
          "checksumValue": "1b2260e2baf2f40964ff6677ce2c5f0e970752408e94b251d443de57c2021d8848dda8ba61ba67547692dfd283fd2351fc900da60e3973f14b7b9be8a5ec5145"
        }
      ]
    }
  ],
  "files": [
    {
      "fileName": "./copyright",
      "SPDXID": "SPDXRef-file-0",
      "checksums": [
        {
          "algorithm": "SHA256",
          "checksumValue": "c56ffb0cc40bd972c1b2d4759828b89f7860471f5ba52eedde7a4ddb4664cef5"
        }
      ],
      "licenseConcluded": "NOASSERTION",
      "copyrightText": "NOASSERTION"
    },
    {
      "fileName": "./portfile.cmake",
      "SPDXID": "SPDXRef-file-1",
      "checksums": [
        {
          "algorithm": "SHA256",
          "checksumValue": "138eebe924b8f930902ab6b32349b52d3f5188034b20d5e12786e99bd412c4b5"
        }
      ],
      "licenseConcluded": "NOASSERTION",
      "copyrightText": "NOASSERTION"
    },
    {
      "fileName": "./vcpkg.json",
      "SPDXID": "SPDXRef-file-2",
      "checksums": [
        {
          "algorithm": "SHA256",
          "checksumValue": "61709425e144b4bb228460483edbb170a59b350795d79d7730096ba1b55f3a1c"
        }
      ],
      "licenseConcluded": "NOASSERTION",
      "copyrightText": "NOASSERTION"
    }
  ]
}
