{
  "$schema": "https://raw.githubusercontent.com/spdx/spdx-spec/v2.2.1/schemas/spdx-schema.json",
  "spdxVersion": "SPDX-2.2",
  "dataLicense": "CC0-1.0",
  "SPDXID": "SPDXRef-DOCUMENT",
  "documentNamespace": "https://spdx.org/spdxdocs/double-conversion-x64-windows-3.3.1-d8320e99-5b0a-4150-b82c-273c6095d0eb",
  "name": "double-conversion:x64-windows@3.3.1 0a147d1ef87b106d9d4a2d026ef5248415d61603b0adde9a75dadd1ab56c299c",
  "creationInfo": {
    "creators": [
      "Tool: vcpkg-2025-07-21-d4b65a2b83ae6c3526acd1c6f3b51aff2a884533"
    ],
    "created": "2026-02-26T23:22:22Z"
  },
  "relationships": [
    {
      "spdxElementId": "SPDXRef-port",
      "relationshipType": "GENERATES",
      "relatedSpdxElement": "SPDXRef-binary"
    },
    {
      "spdxElementId": "SPDXRef-port",
      "relationshipType": "CONTAINS",
      "relatedSpdxElement": "SPDXRef-file-0"
    },
    {
      "spdxElementId": "SPDXRef-port",
      "relationshipType": "CONTAINS",
      "relatedSpdxElement": "SPDXRef-file-1"
    },
    {
      "spdxElementId": "SPDXRef-binary",
      "relationshipType": "GENERATED_FROM",
      "relatedSpdxElement": "SPDXRef-port"
    },
    {
      "spdxElementId": "SPDXRef-file-0",
      "relationshipType": "CONTAINED_BY",
      "relatedSpdxElement": "SPDXRef-port"
    },
    {
      "spdxElementId": "SPDXRef-file-1",
      "relationshipType": "CONTAINED_BY",
      "relatedSpdxElement": "SPDXRef-port"
    },
    {
      "spdxElementId": "SPDXRef-file-1",
      "relationshipType": "DEPENDENCY_MANIFEST_OF",
      "relatedSpdxElement": "SPDXRef-port"
    }
  ],
  "packages": [
    {
      "name": "double-conversion",
      "SPDXID": "SPDXRef-port",
      "versionInfo": "3.3.1",
      "downloadLocation": "git+https://github.com/Microsoft/vcpkg@a28a9c42d582dc61662c0407cca8362e6dc346ae",
      "homepage": "https://github.com/google/double-conversion",
      "licenseConcluded": "NOASSERTION",
      "licenseDeclared": "NOASSERTION",
      "copyrightText": "NOASSERTION",
      "description": "Efficient binary-decimal and decimal-binary conversion routines for IEEE doubles.",
      "comment": "This is the port (recipe) consumed by vcpkg."
    },
    {
      "name": "double-conversion:x64-windows",
      "SPDXID": "SPDXRef-binary",
      "versionInfo": "0a147d1ef87b106d9d4a2d026ef5248415d61603b0adde9a75dadd1ab56c299c",
      "downloadLocation": "NONE",
      "licenseConcluded": "NOASSERTION",
      "licenseDeclared": "NOASSERTION",
      "copyrightText": "NOASSERTION",
      "comment": "This is a binary package built by vcpkg."
    },
    {
      "SPDXID": "SPDXRef-resource-0",
      "name": "google/double-conversion",
      "downloadLocation": "git+https://github.com/google/double-conversion@v3.3.1",
      "licenseConcluded": "NOASSERTION",
      "licenseDeclared": "NOASSERTION",
      "copyrightText": "NOASSERTION",
      "checksums": [
        {
          "algorithm": "SHA512",
          "checksumValue": "60cab2fe623204cfa8737150e6ffcae091266180461dba377231e4fe8dccf712e74c643cd317b62266240ab82f1c0f820cf825038d627934d2dd0af1426f0cca"
        }
      ]
    }
  ],
  "files": [
    {
      "fileName": "./portfile.cmake",
      "SPDXID": "SPDXRef-file-0",
      "checksums": [
        {
          "algorithm": "SHA256",
          "checksumValue": "ab4de63d6ef2be1ca1a6cb68760e05fb4a505ca2e021cdd7fc6d0dca19ddb2c7"
        }
      ],
      "licenseConcluded": "NOASSERTION",
      "copyrightText": "NOASSERTION"
    },
    {
      "fileName": "./vcpkg.json",
      "SPDXID": "SPDXRef-file-1",
      "checksums": [
        {
          "algorithm": "SHA256",
          "checksumValue": "6e5551cbcbd31631e0407f257b0e048030412c995bad57a9c209a39b4c4d373c"
        }
      ],
      "licenseConcluded": "NOASSERTION",
      "copyrightText": "NOASSERTION"
    }
  ]
}
