{
  "$schema": "https://raw.githubusercontent.com/spdx/spdx-spec/v2.2.1/schemas/spdx-schema.json",
  "spdxVersion": "SPDX-2.2",
  "dataLicense": "CC0-1.0",
  "SPDXID": "SPDXRef-DOCUMENT",
  "documentNamespace": "https://spdx.org/spdxdocs/egl-registry-arm64-windows-2024-01-25-ee9b39a5---92c9-5f81e3ce3780",
  "name": "egl-registry:arm64-windows@2024-01-25 2ed3f652d4dc26567ce4bc4db1be2afb3c5518b4db9ae39414c8a49d40f4490c",
  "creationInfo": {
    "creators": [
      "Tool: vcpkg-2025-07-21-d4b65a2b83ae6c3526acd1c6f3b51aff2a884533"
    ],
    "created": "2026-02-27T06:49:14Z"
  },
  "relationships": [
    {
      "spdxElementId": "SPDXRef-port",
      "relationshipType": "GENERATES",
      "relatedSpdxElement": "SPDXRef-binary"
    },
    {
      "spdxElementId": "SPDXRef-port",
      "relationshipType": "CONTAINS",
      "relatedSpdxElement": "SPDXRef-file-0"
    },
    {
      "spdxElementId": "SPDXRef-port",
      "relationshipType": "CONTAINS",
      "relatedSpdxElement": "SPDXRef-file-1"
    },
    {
      "spdxElementId": "SPDXRef-port",
      "relationshipType": "CONTAINS",
      "relatedSpdxElement": "SPDXRef-file-2"
    },
    {
      "spdxElementId": "SPDXRef-binary",
      "relationshipType": "GENERATED_FROM",
      "relatedSpdxElement": "SPDXRef-port"
    },
    {
      "spdxElementId": "SPDXRef-file-0",
      "relationshipType": "CONTAINED_BY",
      "relatedSpdxElement": "SPDXRef-port"
    },
    {
      "spdxElementId": "SPDXRef-file-1",
      "relationshipType": "CONTAINED_BY",
      "relatedSpdxElement": "SPDXRef-port"
    },
    {
      "spdxElementId": "SPDXRef-file-2",
      "relationshipType": "CONTAINED_BY",
      "relatedSpdxElement": "SPDXRef-port"
    },
    {
      "spdxElementId": "SPDXRef-file-2",
      "relationshipType": "DEPENDENCY_MANIFEST_OF",
      "relatedSpdxElement": "SPDXRef-port"
    }
  ],
  "packages": [
    {
      "name": "egl-registry",
      "SPDXID": "SPDXRef-port",
      "versionInfo": "2024-01-25",
      "downloadLocation": "git+https://github.com/Microsoft/vcpkg@d883db43133dd223c4ffdbef4193943f6784d43a",
      "homepage": "https://github.com/KhronosGroup/EGL-Registry",
      "licenseConcluded": "NOASSERTION",
      "licenseDeclared": "NOASSERTION",
      "copyrightText": "NOASSERTION",
      "description": "EGL API and Extension Registry",
      "comment": "This is the port (recipe) consumed by vcpkg."
    },
    {
      "name": "egl-registry:arm64-windows",
      "SPDXID": "SPDXRef-binary",
      "versionInfo": "2ed3f652d4dc26567ce4bc4db1be2afb3c5518b4db9ae39414c8a49d40f4490c",
      "downloadLocation": "NONE",
      "licenseConcluded": "NOASSERTION",
      "licenseDeclared": "NOASSERTION",
      "copyrightText": "NOASSERTION",
      "comment": "This is a binary package built by vcpkg."
    },
    {
      "SPDXID": "SPDXRef-resource-0",
      "name": "KhronosGroup/EGL-Registry",
      "downloadLocation": "git+https://github.com/KhronosGroup/EGL-Registry@7db3005d4c2cb439f129a0adc931f3274f9019e6",
      "licenseConcluded": "NOASSERTION",
      "licenseDeclared": "NOASSERTION",
      "copyrightText": "NOASSERTION",
      "checksums": [
        {
          "algorithm": "SHA512",
          "checksumValue": "474d7a4d614efed18151e0ff18840aaa8349ec0b01ec3cc4e6ff3f60fdb918e0b8c68dbb13e09dc5e7b081a9eb637b008b48b1a4be537d360f9a6d247b7b8802"
        }
      ]
    }
  ],
  "files": [
    {
      "fileName": "./copyright",
      "SPDXID": "SPDXRef-file-0",
      "checksums": [
        {
          "algorithm": "SHA256",
          "checksumValue": "5d77554ffc974ce346430a01a30be8176ca5c46fb1b53a7233291195ded592d3"
        }
      ],
      "licenseConcluded": "NOASSERTION",
      "copyrightText": "NOASSERTION"
    },
    {
      "fileName": "./portfile.cmake",
      "SPDXID": "SPDXRef-file-1",
      "checksums": [
        {
          "algorithm": "SHA256",
          "checksumValue": "1b3c1caef5c9f17a3210bb1452c1de64c79b7acf61dc8758250d27626a5ae5fe"
        }
      ],
      "licenseConcluded": "NOASSERTION",
      "copyrightText": "NOASSERTION"
    },
    {
      "fileName": "./vcpkg.json",
      "SPDXID": "SPDXRef-file-2",
      "checksums": [
        {
          "algorithm": "SHA256",
          "checksumValue": "f207cbb5f7ab4de2a41a020e0d503eaad4efc1afe5440bbbcf4689e657b57424"
        }
      ],
      "licenseConcluded": "NOASSERTION",
      "copyrightText": "NOASSERTION"
    }
  ]
}
