{
  "$schema": "https://raw.githubusercontent.com/spdx/spdx-spec/v2.2.1/schemas/spdx-schema.json",
  "spdxVersion": "SPDX-2.2",
  "dataLicense": "CC0-1.0",
  "SPDXID": "SPDXRef-DOCUMENT",
  "documentNamespace": "https://spdx.org/spdxdocs/expat-arm64-windows-2.7.1-14b3c092---96c6-a9932afba178",
  "name": "expat:arm64-windows@2.7.1 93a83fec0b55c2f9596cfecbf865baacbef648047b3f9d07b164f4a3b07cfbfa",
  "creationInfo": {
    "creators": [
      "Tool: vcpkg-2025-07-21-d4b65a2b83ae6c3526acd1c6f3b51aff2a884533"
    ],
    "created": "2026-02-27T07:07:57Z"
  },
  "relationships": [
    {
      "spdxElementId": "SPDXRef-port",
      "relationshipType": "GENERATES",
      "relatedSpdxElement": "SPDXRef-binary"
    },
    {
      "spdxElementId": "SPDXRef-port",
      "relationshipType": "CONTAINS",
      "relatedSpdxElement": "SPDXRef-file-0"
    },
    {
      "spdxElementId": "SPDXRef-port",
      "relationshipType": "CONTAINS",
      "relatedSpdxElement": "SPDXRef-file-1"
    },
    {
      "spdxElementId": "SPDXRef-port",
      "relationshipType": "CONTAINS",
      "relatedSpdxElement": "SPDXRef-file-2"
    },
    {
      "spdxElementId": "SPDXRef-binary",
      "relationshipType": "GENERATED_FROM",
      "relatedSpdxElement": "SPDXRef-port"
    },
    {
      "spdxElementId": "SPDXRef-file-0",
      "relationshipType": "CONTAINED_BY",
      "relatedSpdxElement": "SPDXRef-port"
    },
    {
      "spdxElementId": "SPDXRef-file-1",
      "relationshipType": "CONTAINED_BY",
      "relatedSpdxElement": "SPDXRef-port"
    },
    {
      "spdxElementId": "SPDXRef-file-2",
      "relationshipType": "CONTAINED_BY",
      "relatedSpdxElement": "SPDXRef-port"
    },
    {
      "spdxElementId": "SPDXRef-file-2",
      "relationshipType": "DEPENDENCY_MANIFEST_OF",
      "relatedSpdxElement": "SPDXRef-port"
    }
  ],
  "packages": [
    {
      "name": "expat",
      "SPDXID": "SPDXRef-port",
      "versionInfo": "2.7.1",
      "downloadLocation": "git+https://github.com/Microsoft/vcpkg@37702e8740157c39e52d0d254487c1811b7e1d7c",
      "homepage": "https://github.com/libexpat/libexpat",
      "licenseConcluded": "MIT",
      "licenseDeclared": "NOASSERTION",
      "copyrightText": "NOASSERTION",
      "description": "XML parser library written in C",
      "comment": "This is the port (recipe) consumed by vcpkg."
    },
    {
      "name": "expat:arm64-windows",
      "SPDXID": "SPDXRef-binary",
      "versionInfo": "93a83fec0b55c2f9596cfecbf865baacbef648047b3f9d07b164f4a3b07cfbfa",
      "downloadLocation": "NONE",
      "licenseConcluded": "MIT",
      "licenseDeclared": "NOASSERTION",
      "copyrightText": "NOASSERTION",
      "comment": "This is a binary package built by vcpkg."
    },
    {
      "SPDXID": "SPDXRef-resource-0",
      "name": "libexpat/libexpat",
      "downloadLocation": "git+https://github.com/libexpat/libexpat@${REF}",
      "licenseConcluded": "NOASSERTION",
      "licenseDeclared": "NOASSERTION",
      "copyrightText": "NOASSERTION",
      "checksums": [
        {
          "algorithm": "SHA512",
          "checksumValue": "ea5452c511e18e0eb927eab46a47c7ced1b1be3b46232a38caef39aa86fd552a72f066db66ca824ade3ff2376b70ca72ca91bdf1d003770c91a38a47e8781b8f"
        }
      ]
    }
  ],
  "files": [
    {
      "fileName": "./portfile.cmake",
      "SPDXID": "SPDXRef-file-0",
      "checksums": [
        {
          "algorithm": "SHA256",
          "checksumValue": "85a84bd2cb924bd8b6c9e86e4886273de310061aeea006acb717e59a4a94aa4a"
        }
      ],
      "licenseConcluded": "NOASSERTION",
      "copyrightText": "NOASSERTION"
    },
    {
      "fileName": "./vcpkg-cmake-wrapper.cmake",
      "SPDXID": "SPDXRef-file-1",
      "checksums": [
        {
          "algorithm": "SHA256",
          "checksumValue": "0d357034611e2487496d7a296f87d16e37ac03fd3590b2421ea0a976b50f3241"
        }
      ],
      "licenseConcluded": "NOASSERTION",
      "copyrightText": "NOASSERTION"
    },
    {
      "fileName": "./vcpkg.json",
      "SPDXID": "SPDXRef-file-2",
      "checksums": [
        {
          "algorithm": "SHA256",
          "checksumValue": "57af16483015b28117f02dc84e2e3a5e4bcf0ecc53bb5e6b557806f6c0977a83"
        }
      ],
      "licenseConcluded": "NOASSERTION",
      "copyrightText": "NOASSERTION"
    }
  ]
}
